<?xml version="1.0"?>
<doc>
    <assembly>
        <name>TagSoup.Net</name>
    </assembly>
    <members>
        <member name="T:TagSoup.Net.HTMLScanner">
            <summary>
              This class implements a table-driven scanner for HTML, allowing for lots of
              defects.  It implements the Scanner interface, which accepts a Reader
              object to fetch characters from and a ScanHandler object to report lexical
              events to.
            </summary>
        </member>
        <member name="T:TagSoup.Net.IScanner">
            <summary>
                An interface allowing Parser to invoke scanners.
            </summary>
        </member>
        <member name="M:TagSoup.Net.IScanner.Scan(System.IO.TextReader,TagSoup.Net.IScanHandler)">
            <summary>
                Invoke a scanner.
            </summary>
            <param name="br">
                A source of characters to scan
            </param>
            <param name="handler">
                A ScanHandler to report events to
            </param>
        </member>
        <member name="M:TagSoup.Net.IScanner.ResetDocumentLocator(System.String,System.String)">
            <summary>
                Reset the embedded locator.
            </summary>
            <param name="publicid">
                The publicid of the source
            </param>
            <param name="systemid">
                The systemid of the source
            </param>
        </member>
        <member name="M:TagSoup.Net.IScanner.StartCDATA">
            <summary>
                Signal to the scanner to start CDATA content mode.
            </summary>
        </member>
        <!-- Badly formed XML comment ignored for member "F:TagSoup.Net.HTMLScanner.statetableIndex" -->
        <member name="F:TagSoup.Net.HTMLScanner.statetableIndexMaxChar">
            <summary>
               The highest character value seen in the statetable.
               See the doc comment for statetableIndex to see how this
               is used.
             </summary>
        </member>
        <member name="M:TagSoup.Net.HTMLScanner.ResetDocumentLocator(System.String,System.String)">
            <summary>
              Reset document locator, supplying systemid and publicid.
            </summary>
            <param name="systemid">System id</param>
            <param name="publicid">Public id</param>
        </member>
        <member name="M:TagSoup.Net.HTMLScanner.Scan(System.IO.TextReader,TagSoup.Net.IScanHandler)">
            <summary>
              Scan HTML source, reporting lexical events.
            </summary>
            <param name="r">Reader that provides characters</param>
            <param name="h">ScanHandler that accepts lexical events.</param>
        </member>
        <member name="M:TagSoup.Net.HTMLScanner.mark">
            <summary>
              Mark the current scan position as a "point of interest" - start of a tag,
              cdata, processing instruction etc.
            </summary>
        </member>
        <member name="M:TagSoup.Net.HTMLScanner.StartCDATA">
            <summary>
              A callback for the ScanHandler that allows it to force
              the lexer state to CDATA content (no markup is recognized except
              the end of element.
            </summary>
        </member>
        <member name="M:TagSoup.Net.HTMLScanner.nicechar(System.Int32)">
            	Test procedure.  Reads HTML from the standard input and writes
            	PYX to the standard output.
        </member>
        <member name="T:TagSoup.Net.HTMLSchema">
            <summary>
              This class provides a Schema that has been preinitialized with HTML
              elements, attributes, and character entity declarations.  All the declarations
              normally provided with HTML 4.01 are given, plus some that are IE-specific
              and NS4-specific.  Attribute declarations of type CDATA with no default
              value are not included.
            </summary>
        </member>
        <member name="T:TagSoup.Net.Schema">
            <summary>
                Abstract class representing a TSSL schema.
                Actual TSSL schemas are compiled into concrete subclasses of this class.
            </summary>
        </member>
        <member name="M:TagSoup.Net.Schema.ElementType(System.String,System.Int32,System.Int32,System.Int32)">
            <summary>
                Add or replace an element type for this schema.
            </summary>
            <param name="name">
                Name (Qname) of the element
            </param>
            <param name="model">
                Models of the element's content as a vector of bits
            </param>
            <param name="memberOf">
                Models the element is a member of as a vector of bits
            </param>
            <param name="flags">
                Flags for the element
            </param>
        </member>
        <member name="M:TagSoup.Net.Schema.Attribute(System.String,System.String,System.String,System.String)">
            <summary>
                Add or replace a default attribute for an element type in this schema.
            </summary>
            <param name="elemName">
                Name (Qname) of the element type
            </param>
            <param name="attrName">
                Name (Qname) of the attribute
            </param>
            <param name="type">
                Type of the attribute
            </param>
            <param name="value">
                Default value of the attribute; null if no default
            </param>
        </member>
        <member name="M:TagSoup.Net.Schema.Parent(System.String,System.String)">
            <summary>
                Specify natural parent of an element in this schema.
            </summary>
            <param name="name">
                Name of the child element
            </param>
            <param name="parentName">
                Name of the parent element
            </param>
        </member>
        <member name="M:TagSoup.Net.Schema.Entity(System.String,System.Int32)">
            <summary>
                Add to or replace a character entity in this schema.
            </summary>
            <param name="name">
                Name of the entity
            </param>
            <param name="value">
                Value of the entity
            </param>
        </member>
        <member name="M:TagSoup.Net.Schema.GetElementType(System.String)">
            <summary>
                Get an ElementType by name.
            </summary>
            <param name="name">
                Name (Qname) of the element type
            </param>
            <returns>
                The corresponding ElementType
            </returns>
        </member>
        <member name="M:TagSoup.Net.Schema.GetEntity(System.String)">
            <summary>
                Get an entity value by name.
            </summary>
            <param name="name">
                Name of the entity
            </param>
            <returns>
                The corresponding character, or 0 if none
            </returns>
        </member>
        <member name="P:TagSoup.Net.Schema.Uri">
            <summary>
                Gets or sets the URI (namespace name) of this schema.
            </summary>
        </member>
        <member name="P:TagSoup.Net.Schema.Prefix">
            <summary>
                Gets ot sets the prefix of this schema.
            </summary>
        </member>
        <member name="P:TagSoup.Net.Schema.RootElementType">
            <summary>
                Get the root element of this schema
            </summary>
        </member>
        <member name="M:TagSoup.Net.HTMLSchema.#ctor">
            <summary>
              Returns a newly constructed HTMLSchema object independent of
              any existing ones.
            </summary>
        </member>
        <member name="T:TagSoup.Net.IAutoDetector">
            <summary>
                Classes which accept an Stream and provide a Reader which figures
                out the encoding of the Stream and reads characters from it should
                conform to this interface.
            </summary>
            <seealso cref="T:System.IO.Stream"/>
            <seealso cref="T:System.IO.TextReader"/>
        </member>
        <member name="M:TagSoup.Net.IAutoDetector.AutoDetectingReader(System.IO.Stream)">
            <summary>
                Given an InputStream, return a suitable Reader that understands
                the presumed character encoding of that InputStream.
                If bytes are consumed from the InputStream in the process, they
                <i>must</i> be pushed back onto the InputStream so that they can be
                reinterpreted as characters.
            </summary>
            <param name="stream">
                The Stream
            </param>
            <returns>A TextReader that reads from the Stream</returns>
        </member>
        <member name="T:TagSoup.Net.Element">
            <summary>
                The internal representation of an actual element (not an element type).
                An Element has an element type, attributes, and a successor Element
                for use in constructing stacks and queues of Elements.
            </summary>
            <seealso cref="T:TagSoup.Net.ElementType"/>
            <seealso cref="T:Sax.Net.Helpers.Attributes"/>
        </member>
        <member name="M:TagSoup.Net.Element.#ctor(TagSoup.Net.ElementType,System.Boolean)">
            <summary>
                Return an Element from a specified ElementType.
            </summary>
            <param name="type">
                The element type of the newly constructed element
            </param>
            <param name="defaultAttributes">
                True if default attributes are wanted
            </param>
        </member>
        <member name="M:TagSoup.Net.Element.CanContain(TagSoup.Net.Element)">
            <summary>
                Return true if the type of this element can contain the type of
                another element.
                Convenience method.
            </summary>
            <param name="other">
                The other element
            </param>
        </member>
        <member name="M:TagSoup.Net.Element.SetAttribute(System.String,System.String,System.String)">
            <summary>
                Set an attribute and its value into this element.
            </summary>
            <param name="name">
                The attribute name (Qname)
            </param>
            <param name="type">
                The attribute type
            </param>
            <param name="value">
                The attribute value
            </param>
        </member>
        <member name="M:TagSoup.Net.Element.Anonymize">
            <summary>
                Make this element anonymous.
                Remove any <tt>id</tt> or <tt>name</tt> attribute present
                in the element's attributes.
            </summary>
        </member>
        <member name="M:TagSoup.Net.Element.Clean">
            <summary>
                Clean the attributes of this element.
                Attributes with null name (the name was ill-formed)
                or null value (the attribute was present in the element type but
                not in this actual element) are removed.
            </summary>
        </member>
        <member name="M:TagSoup.Net.Element.Preclose">
            <summary>
                Force this element to preclosed status, meaning that an end-tag has
                been seen but the element cannot yet be closed for structural reasons.
            </summary>
        </member>
        <member name="P:TagSoup.Net.Element.Type">
            <summary>
                Gets the element type.
            </summary>
        </member>
        <member name="P:TagSoup.Net.Element.Attributes">
            <summary>
                Gets the attributes as an Attributes object.
                Returning an Attributes makes the attributes mutable.
            </summary>
            <seealso cref="P:TagSoup.Net.Element.Attributes"/>
        </member>
        <member name="P:TagSoup.Net.Element.Next">
            <summary>
                Gets or sets the next element in an element stack or queue.
            </summary>
        </member>
        <member name="P:TagSoup.Net.Element.Name">
            <summary>
                Gets the name of the element's type.
            </summary>
        </member>
        <member name="P:TagSoup.Net.Element.Namespace">
            <summary>
                Gets the namespace name of the element's type.
            </summary>
        </member>
        <member name="P:TagSoup.Net.Element.LocalName">
            <summary>
                Gets the local name of the element's type.
            </summary>
        </member>
        <member name="P:TagSoup.Net.Element.Model">
            <summary>
                Gets the content model vector of the element's type.
            </summary>
        </member>
        <member name="P:TagSoup.Net.Element.MemberOf">
            <summary>
                Gets the member-of vector of the element's type.
            </summary>
        </member>
        <member name="P:TagSoup.Net.Element.Flags">
            <summary>
                Gets the flags vector of the element's type.
            </summary>
        </member>
        <member name="P:TagSoup.Net.Element.Parent">
            <summary>
                Gets the parent element type of the element's type.
            </summary>
        </member>
        <member name="P:TagSoup.Net.Element.IsPreclosed">
            <summary>
                Return true if this element has been preclosed.
            </summary>
        </member>
        <member name="T:TagSoup.Net.ElementType">
            <summary>
                This class represents an element type in the schema.
                An element type has a name, a content model vector, a member-of vector,
                a flags vector, default attributes, and a schema to which it belongs.
            </summary>
            <seealso cref="P:TagSoup.Net.ElementType.Schema"/>
        </member>
        <member name="M:TagSoup.Net.ElementType.#ctor(System.String,System.Int32,System.Int32,System.Int32,TagSoup.Net.Schema)">
            <summary>
                Construct an ElementType:
                but it's better to use Schema.element() instead.
                The content model, member-of, and flags vectors are specified as ints.
            </summary>
            <param name="name">
                The element type name
            </param>
            <param name="model">
                ORed-together bits representing the content models
                allowed in the content of this element type
            </param>
            <param name="memberOf">
                ORed-together bits representing the content models
                to which this element type belongs
            </param>
            <param name="flags">
                ORed-together bits representing the flags associated
                with this element type
            </param>
            <param name="schema">
                The schema with which this element type will be
                associated
            </param>
        </member>
        <member name="M:TagSoup.Net.ElementType.GetNamespace(System.String,System.Boolean)">
            <summary>
                Return a namespace name from a Qname.
                The attribute flag tells us whether to return an empty namespace
                name if there is no prefix, or use the schema default instead.
            </summary>
            <param name="name">
                The Qname
            </param>
            <param name="attribute">
                True if name is an attribute name
            </param>
            <returns>
                The namespace name
            </returns>
        </member>
        <member name="M:TagSoup.Net.ElementType.GetLocalName(System.String)">
            <summary>
                Return a local name from a Qname.
            </summary>
            <param name="name">
                The Qname
            </param>
            <returns>
                The local name
            </returns>
        </member>
        <member name="M:TagSoup.Net.ElementType.CanContain(TagSoup.Net.ElementType)">
            <summary>
                Returns <c>true</c> if this element type can contain another element type.
                That is, if any of the models in this element's model vector
                match any of the models in the other element type's member-of
                vector.
            </summary>
            <param name="other">
                The other element type
            </param>
        </member>
        <member name="M:TagSoup.Net.ElementType.SetAttribute(Sax.Net.Helpers.Attributes,System.String,System.String,System.String)">
            <summary>
                Sets an attribute and its value into an Attributes object.
                Attempts to set a namespace declaration are ignored.
            </summary>
            <param name="atts">
                The AttributesImpl object
            </param>
            <param name="name">
                The name (Qname) of the attribute
            </param>
            <param name="type">
                The type of the attribute
            </param>
            <param name="value">
                The value of the attribute
            </param>
        </member>
        <member name="M:TagSoup.Net.ElementType.Normalize(System.String)">
            <summary>
                Normalize an attribute value (ID-style).
                CDATA-style attribute normalization is already done.
            </summary>
            <param name="value">
                The value to normalize
            </param>
            <returns>
            </returns>
        </member>
        <member name="M:TagSoup.Net.ElementType.SetAttribute(System.String,System.String,System.String)">
            <summary>
                Sets an attribute and its value into this element type.
            </summary>
            <param name="name">
                The name of the attribute
            </param>
            <param name="type">
                The type of the attribute
            </param>
            <param name="value">
                The value of the attribute
            </param>
        </member>
        <member name="P:TagSoup.Net.ElementType.Name">
            <summary>
                Gets the name of this element type.
            </summary>
        </member>
        <member name="P:TagSoup.Net.ElementType.Namespace">
            <summary>
                Gets the namespace name of this element type.
            </summary>
        </member>
        <member name="P:TagSoup.Net.ElementType.LocalName">
            <summary>
                Gets the local name of this element type.
            </summary>
        </member>
        <member name="P:TagSoup.Net.ElementType.Model">
            <summary>
                Gets or sets the content models of this element type as a vector of bits
            </summary>
        </member>
        <member name="P:TagSoup.Net.ElementType.MemberOf">
            <summary>
                Gets or sets the content models to which this element type belongs as a vector of bits
            </summary>
        </member>
        <member name="P:TagSoup.Net.ElementType.Flags">
            <summary>
                Gets or sets the flags associated with this element type as a vector of bits
            </summary>
        </member>
        <member name="P:TagSoup.Net.ElementType.Attributes">
            <summary>
                Returns the default attributes associated with this element type.
                Attributes of type CDATA that don't have default values are
                typically not included.  Other attributes without default values
                have an internal value of <c>null</c>.
                The return value is an Attributes to allow the caller to mutate
                the attributes.
            </summary>
        </member>
        <member name="P:TagSoup.Net.ElementType.Parent">
            <summary>
                Gets or sets the parent element type of this element type.
            </summary>
        </member>
        <member name="P:TagSoup.Net.ElementType.Schema">
            <summary>
                Gets the schema which this element type is associated with.
            </summary>
        </member>
        <member name="T:TagSoup.Net.Parser">
            <summary>
              The SAX parser class.
            </summary>
        </member>
        <member name="T:TagSoup.Net.IScanHandler">
            <summary>
                An interface that Scanners use to report events in the input stream.
            </summary>
        </member>
        <member name="M:TagSoup.Net.IScanHandler.Adup(System.Char[],System.Int32,System.Int32)">
            <summary>
                Reports an attribute name without a value.
            </summary>
            <param name="buff"></param>
            <param name="offset"></param>
            <param name="length"></param>
        </member>
        <member name="M:TagSoup.Net.IScanHandler.Aname(System.Char[],System.Int32,System.Int32)">
            <summary>
                Reports an attribute name; a value will follow.
            </summary>
            <param name="buff"></param>
            <param name="offset"></param>
            <param name="length"></param>
        </member>
        <member name="M:TagSoup.Net.IScanHandler.Aval(System.Char[],System.Int32,System.Int32)">
            <summary>
                Reports an attribute value.
            </summary>
            <param name="buff"></param>
            <param name="offset"></param>
            <param name="length"></param>
        </member>
        <member name="M:TagSoup.Net.IScanHandler.CDSect(System.Char[],System.Int32,System.Int32)">
            <summary>
                Reports the content of a CDATA section (not a CDATA element)
            </summary>
            <param name="buff"></param>
            <param name="offset"></param>
            <param name="length"></param>
        </member>
        <member name="M:TagSoup.Net.IScanHandler.Decl(System.Char[],System.Int32,System.Int32)">
            <summary>
                Reports a &lt;!....&gt; declaration - typically a DOCTYPE
            </summary>
            <param name="buff"></param>
            <param name="offset"></param>
            <param name="length"></param>
        </member>
        <member name="M:TagSoup.Net.IScanHandler.Entity(System.Char[],System.Int32,System.Int32)">
            <summary>
                Reports an entity reference or character reference.
            </summary>
            <param name="buff"></param>
            <param name="offset"></param>
            <param name="length"></param>
        </member>
        <member name="M:TagSoup.Net.IScanHandler.EOF(System.Char[],System.Int32,System.Int32)">
            <summary>
                Reports EOF.
            </summary>
            <param name="buff"></param>
            <param name="offset"></param>
            <param name="length"></param>
        </member>
        <member name="M:TagSoup.Net.IScanHandler.ETag(System.Char[],System.Int32,System.Int32)">
            <summary>
                Reports an end-tag.
            </summary>
            <param name="buff"></param>
            <param name="offset"></param>
            <param name="length"></param>
        </member>
        <member name="M:TagSoup.Net.IScanHandler.GI(System.Char[],System.Int32,System.Int32)">
            <summary>
                Reports the general identifier (element type name) of a start-tag.
            </summary>
            <param name="buff"></param>
            <param name="offset"></param>
            <param name="length"></param>
        </member>
        <member name="M:TagSoup.Net.IScanHandler.PCDATA(System.Char[],System.Int32,System.Int32)">
            <summary>
                Reports character content.
            </summary>
            <param name="buff"></param>
            <param name="offset"></param>
            <param name="length"></param>
        </member>
        <member name="M:TagSoup.Net.IScanHandler.PI(System.Char[],System.Int32,System.Int32)">
            <summary>
                Reports the data part of a processing instruction.
            </summary>
            <param name="buff"></param>
            <param name="offset"></param>
            <param name="length"></param>
        </member>
        <member name="M:TagSoup.Net.IScanHandler.PITarget(System.Char[],System.Int32,System.Int32)">
            <summary>
                Reports the target part of a processing instruction.
            </summary>
            <param name="buff"></param>
            <param name="offset"></param>
            <param name="length"></param>
        </member>
        <member name="M:TagSoup.Net.IScanHandler.STagc(System.Char[],System.Int32,System.Int32)">
            <summary>
                Reports the close of a start-tag.
            </summary>
            <param name="buff"></param>
            <param name="offset"></param>
            <param name="length"></param>
        </member>
        <member name="M:TagSoup.Net.IScanHandler.STage(System.Char[],System.Int32,System.Int32)">
            <summary>
                Reports the close of an empty-tag.
            </summary>
            <param name="buff"></param>
            <param name="offset"></param>
            <param name="length"></param>
        </member>
        <member name="M:TagSoup.Net.IScanHandler.Cmnt(System.Char[],System.Int32,System.Int32)">
            <summary>
                Reports a comment.
            </summary>
            <param name="buff"></param>
            <param name="offset"></param>
            <param name="length"></param>
        </member>
        <member name="M:TagSoup.Net.IScanHandler.GetEntity">
            <summary>
                Returns the value of the last entity or character reference reported.
            </summary>
            <returns>The value of the last entity or character reference reported.</returns>
        </member>
        <member name="F:TagSoup.Net.Parser.NAMESPACES_FEATURE">
            <summary>
              A value of "true" indicates namespace URIs and unprefixed local
              names for element and attribute names will be available.
            </summary>
        </member>
        <member name="F:TagSoup.Net.Parser.NAMESPACE_PREFIXES_FEATURE">
            <summary>
              A value of "true" indicates that XML qualified names (with prefixes)
              and attributes (including xmlns* attributes) will be available.
              We don't support this value.
            </summary>
        </member>
        <member name="F:TagSoup.Net.Parser.EXTERNAL_GENERAL_ENTITIES_FEATURE">
            <summary>
              Reports whether this parser processes external general entities
              (it doe
            </summary>
        </member>
        <member name="F:TagSoup.Net.Parser.EXTERNAL_PARAMETER_ENTITIES_FEATURE">
            <summary>
              Reports whether this parser processes external parameter entities
              (it doesn't).
            </summary>
        </member>
        <member name="F:TagSoup.Net.Parser.IS_STANDALONE_FEATURE">
            <summary>
              May be examined only during a parse, after the startDocument()
              callback has been completed; read-only. The value is true if
              the document specified standalone="yes" in its XML declaration,
              and otherwise is false.  (It's always false.)
            </summary>
        </member>
        <member name="F:TagSoup.Net.Parser.LEXICAL_HANDLER_PARAMETER_ENTITIES_FEATURE">
            <summary>
              A value of "true" indicates that the LexicalHandler will report
              the beginning and end of parameter entities (it won't).
            </summary>
        </member>
        <member name="F:TagSoup.Net.Parser.RESOLVE_DTD_URIS_FEATURE">
            <summary>
              A value of "true" indicates that system IDs in declarations will
              be absolutized (relative to their base URIs) before reporting.
              (This returns true but doesn't actually do anything.)
            </summary>
        </member>
        <member name="F:TagSoup.Net.Parser.STRING_INTERNING_FEATURE">
            <summary>
              Has a value of "true" if all XML names (for elements,
              prefixes, attributes, entities, notations, and local
              names), as well as Namespace URIs, will have been interned
              using <see cref="M:System.String.Intern(System.String)"/>. This supports fast testing of
              equality/inequality against string constants, rather than forcing
              slower calls to <see cref="M:System.String.Equals(System.Object)"/>.  (We always intern.)
            </summary>
        </member>
        <member name="F:TagSoup.Net.Parser.USE_ATTRIBUTES2_FEATURE">
            <summary>
              Returns "true" if the Attributes objects passed by this
              parser in <see cref="M:Sax.Net.IContentHandler.StartElement(System.String,System.String,System.String,Sax.Net.IAttributes)"/> implement the
              <see cref="T:Sax.Net.Ext.IAttributes2"/> interface.	(They don't.)
            </summary>
        </member>
        <member name="F:TagSoup.Net.Parser.USE_LOCATOR2_FEATURE">
            <summary>
              Returns "true" if the Locator objects passed by this parser
              parser in <see cref="M:Sax.Net.IContentHandler.SetDocumentLocator(Sax.Net.ILocator)"/> implement the
              <see cref="T:Sax.Net.Ext.ILocator2"/> interface.  (They don't.)
            </summary>
        </member>
        <member name="F:TagSoup.Net.Parser.USE_ENTITY_RESOLVER2_FEATURE">
            <summary>
              Returns "true" if, when setEntityResolver is given an object
              implementing the  <see cref="T:Sax.Net.Ext.IEntityResolver2"/> interface,
              those new methods will be used.  (They won't be.)
            </summary>
        </member>
        <member name="F:TagSoup.Net.Parser.VALIDATION_FEATURE">
            <summary>
              Controls whether the parser is reporting all validity errors
              (We don't report any validity errors.)
            </summary>
        </member>
        <member name="F:TagSoup.Net.Parser.UNICODE_NORMALIZATION_CHECKING_FEATURE">
            <summary>
              Controls whether the parser reports Unicode normalization
              errors as described in section 2.13 and Appendix B of the XML
              1.1 Recommendation.  (We don't normalize.)
            </summary>
        </member>
        <member name="F:TagSoup.Net.Parser.XMLNS_URIS_FEATURE">
            <summary>
              Controls whether, when the namespace-prefixes feature is set,
              the parser treats namespace declaration attributes as being in
              the http://www.w3.org/2000/xmlns/ namespace.  (It doesn't.)
            </summary>
        </member>
        <member name="F:TagSoup.Net.Parser.XML11_FEATURE">
            <summary>
              Returns <c>true</c> if the parser supports both XML 1.1 and XML 1.0.
              (Always <c>false</c>.)
            </summary>
        </member>
        <member name="F:TagSoup.Net.Parser.IGNORE_BOGONS_FEATURE">
            <summary>
              A value of <c>true</c> indicates that the parser will ignore
              unknown elements.
            </summary>
        </member>
        <member name="F:TagSoup.Net.Parser.BOGONS_EMPTY_FEATURE">
            <summary>
              A value of <c>true</c> indicates that the parser will give unknown
              elements a content model of EMPTY; a value of <c>false</c>, a
              content model of ANY.
            </summary>
        </member>
        <member name="F:TagSoup.Net.Parser.ROOT_BOGONS_FEATURE">
            <summary>
              A value of <c>true</c> indicates that the parser will allow unknown
              elements to be the root element.
            </summary>
        </member>
        <member name="F:TagSoup.Net.Parser.DEFAULT_ATTRIBUTES_FEATURE">
            <summary>
              A value of <c>true</c> indicates that the parser will return default
              attribute values for missing attributes that have default values.
            </summary>
        </member>
        <member name="F:TagSoup.Net.Parser.TRANSLATE_COLONS_FEATURE">
            <summary>
              A value of <c>true</c> indicates that the parser will
              translate colons into underscores in names.
            </summary>
        </member>
        <member name="F:TagSoup.Net.Parser.RESTART_ELEMENTS_FEATURE">
            <summary>
              A value of <c>true</c> indicates that the parser will
              attempt to restart the restartable elements.
            </summary>
        </member>
        <member name="F:TagSoup.Net.Parser.IGNORABLE_WHITESPACE_FEATURE">
            <summary>
              A value of "true" indicates that the parser will
              transmit whitespace in element-only content via the SAX
              ignorableWhitespace callback.  Normally this is not done,
              because HTML is an SGML application and SGML suppresses
              such whitespace.
            </summary>
        </member>
        <member name="F:TagSoup.Net.Parser.CDATA_ELEMENTS_FEATURE">
            <summary>
              A value of "true" indicates that the parser will treat CDATA
              elements specially.  Normally true, since the input is by
              default HTML.
            </summary>
        </member>
        <member name="F:TagSoup.Net.Parser.LEXICAL_HANDLER_PROPERTY">
            <summary>
              Used to see some syntax events that are essential in some
              applications: comments, CDATA delimiters, selected general
              entity inclusions, and the start and end of the DTD (and
              declaration of document element name). The Object must implement
              <see cref="T:Sax.Net.Ext.ILexicalHandler"/>
            </summary>
        </member>
        <member name="F:TagSoup.Net.Parser.SCANNER_PROPERTY">
            <summary>
              Specifies the Scanner object this Parser uses.
            </summary>
        </member>
        <member name="F:TagSoup.Net.Parser.SCHEMA_PROPERTY">
            <summary>
              Specifies the Schema object this Parser uses.
            </summary>
        </member>
        <member name="F:TagSoup.Net.Parser.AUTO_DETECTOR_PROPERTY">
            <summary>
              Specifies the AutoDetector (for encoding detection) this Parser uses.
            </summary>
        </member>
        <member name="M:TagSoup.Net.Parser.#ctor">
            <summary>
              Creates a new instance of <see cref="T:TagSoup.Net.Parser"/>
            </summary>
        </member>
        <member name="M:TagSoup.Net.Parser.Decl(System.Char[],System.Int32,System.Int32)">
            <summary>
              Parsing the complete XML Document Type Definition is way too complex,
              but for many simple cases we can extract something useful from it.
              doctypedecl ::= '&lt;!DOCTYPE' S Name (S ExternalID)? S? ('[' intSubset ']' S?)? '>'
              DeclSep ::= PEReference | S
              intSubset ::= (markupdecl | DeclSep)*
              markupdecl ::= elementdecl | AttlistDecl | EntityDecl | NotationDecl | PI | Comment
              ExternalID ::= 'SYSTEM' S SystemLiteral | 'PUBLIC' S PubidLiteral S SystemLiteral
            </summary>
            <param name="buff"></param>
            <param name="offset"></param>
            <param name="length"></param>
        </member>
        <member name="M:TagSoup.Net.Parser.GetReader(Sax.Net.InputSource)">
            <summary>
              Return a Reader based on the contents of an InputSource
              Buffer the Stream
            </summary>
            <param name="s"></param>
            <returns></returns>
        </member>
        <member name="M:TagSoup.Net.Parser.GetInputStream(System.String,System.String)">
            <summary>
              Get an Stream based on a publicid and a systemid
              We don't process publicids (who uses them anyhow?)
            </summary>
            <param name="publicid"></param>
            <param name="systemid"></param>
            <returns></returns>
        </member>
        <member name="M:TagSoup.Net.Parser.ExpandEntities(System.String)">
            <summary>
              Expand entity references in attribute values selectively.
              Currently we expand a reference iff it is properly terminated
              with a semicolon.
            </summary>
            <param name="src"></param>
            <returns></returns>
        </member>
        <member name="M:TagSoup.Net.Parser.LookupEntity(System.Char[],System.Int32,System.Int32)">
            <summary>
              Process numeric character references,
              deferring to the schema for named ones.
            </summary>
            <param name="buff"></param>
            <param name="offset"></param>
            <param name="length"></param>
            <returns></returns>
        </member>
        <member name="M:TagSoup.Net.Parser.Restart(TagSoup.Net.Element)">
            <summary>
              Push restartables on the stack if possible
              e is the next element to be started, if we know what it is
            </summary>
            <param name="e"></param>
        </member>
        <member name="M:TagSoup.Net.Parser.Pop">
            <summary>
              Pop the stack irrevocably
            </summary>
        </member>
        <member name="M:TagSoup.Net.Parser.RestartablyPop">
            <summary>
              Pop the stack restartably
            </summary>
        </member>
        <member name="M:TagSoup.Net.Parser.Push(TagSoup.Net.Element)">
            <summary>
              Push element onto stack
            </summary>
            <param name="e"></param>
        </member>
        <member name="M:TagSoup.Net.Parser.PrefixOf(System.String)">
            <summary>
              Get the prefix from a QName
            </summary>
            <param name="name"></param>
            <returns></returns>
        </member>
        <member name="M:TagSoup.Net.Parser.Foreign(System.String,System.String)">
            <summary>
              Return true if we have a foreign name
            </summary>
            <param name="prefix"></param>
            <param name="ns"></param>
            <returns></returns>
        </member>
        <member name="M:TagSoup.Net.Parser.Split(System.String)">
            <summary>
              Split the supplied string into words or phrases seperated by spaces.
              Recognises quotes around a phrase and doesn't split it.
            </summary>
            <param name="val"></param>
            <returns></returns>
        </member>
        <member name="M:TagSoup.Net.Parser.CleanPublicid(System.String)">
            <summary>
              Replace junk in publicids with spaces
            </summary>
            <param name="src"></param>
            <returns></returns>
        </member>
        <member name="M:TagSoup.Net.Parser.Rectify(TagSoup.Net.Element)">
            <summary>
              Rectify the stack, pushing and popping as needed
              so that the argument can be safely pushed
            </summary>
            <param name="e"></param>
        </member>
        <member name="M:TagSoup.Net.Parser.MakeName(System.Char[],System.Int32,System.Int32)">
            <summary>
              Return the argument as a valid XML name
              This no longer lowercases the result: we depend on Schema to
              canonicalize case.
            </summary>
            <param name="buff"></param>
            <param name="offset"></param>
            <param name="length"></param>
            <returns></returns>
        </member>
        <member name="T:TagSoup.Net.PYXScanner">
            <summary>
                A Scanner that accepts PYX format instead of HTML.
                Useful primarily for debugging.
            </summary>
        </member>
        <member name="T:TagSoup.Net.PYXWriter">
            <summary>
                A ContentHandler that generates PYX format instead of XML.
                Primarily useful for debugging.
            </summary>
        </member>
        <member name="T:XmlWriter">
            <summary>
                Filter to write an XML document from a SAX event stream.
                <para>
                    This class can be used by itself or as part of a SAX event
                    stream: it takes as input a series of SAX2 ContentHandler
                    events and uses the information in those events to write
                    an XML document.  Since this class is a filter, it can also
                    pass the events on down a filter chain for further processing
                    (you can use the XMLWriter to take a snapshot of the current
                    state at any point in a filter chain), and it can be
                    used directly as a ContentHandler for a SAX2 XMLReader.
                </para>
                <para>
                    The client creates a document by invoking the methods for
                    standard SAX2 events, always beginning with the
                    <see cref="M:XmlWriter.StartDocument"/> method and ending with
                    the <see cref="M:XmlWriter.EndDocument"/> method.  There are convenience
                    methods provided so that clients to not have to create empty
                    attribute lists or provide empty strings as parameters; for
                    example, the method invocation
                </para>
                <code>
            w.startElement("foo");
            </code>
                <para>is equivalent to the regular SAX2 ContentHandler method</para>
                <code>
            w.startElement("", "foo", "", new AttributesImpl());
            </code>
                <para>
                    Except that it is more efficient because it does not allocate
                    a new empty attribute list each time.  The following code will send
                    a simple XML document to standard output:
                </para>
                <code>
            XMLWriter w = new XMLWriter();
            w.startDocument();
            w.startElement("greeting");
            w.characters("Hello, world!");
            w.endElement("greeting");
            w.endDocument();
            </code>
                <para>The resulting document will look like this:</para>
                <code>
            &lt;?xml version="1.0" standalone="yes"?&gt;
            &lt;greeting&gt;Hello, world!&lt;/greeting&gt;
            </code>
                <para>
                    In fact, there is an even simpler convenience method,
                    <c>dataElement</c>, designed for writing elements that
                    contain only character data, so the code to generate the
                    document could be shortened to
                </para>
                <code>
            XMLWriter w = new XMLWriter();
            w.startDocument();
            w.dataElement("greeting", "Hello, world!");
            w.endDocument();
            </code>
                <h2>Whitespace</h2>
                <para>
                    According to the XML Recommendation, <em>all</em> whitespace
                    in an XML document is potentially significant to an application,
                    so this class never adds newlines or indentation.  If you
                    insert three elements in a row, as in
                </para>
                <code>
            w.dataElement("item", "1");
            w.dataElement("item", "2");
            w.dataElement("item", "3");
            </code>
                <para>you will end up with</para>
                <code>
            &lt;item&gt;1&lt;/item&gt;&lt;item&gt;3&lt;/item&gt;&lt;item&gt;3&lt;/item&gt;
            </code>
                <para>
                    You need to invoke one of the <c>characters</c> methods
                    explicitly to add newlines or indentation.  Alternatively, you
                    can use <see cref="!:com.megginson.sax.DataWriter DataWriter"/>, which
                    is derived from this class -- it is optimized for writing
                    purely data-oriented (or field-oriented) XML, and does automatic
                    linebreaks and indentation (but does not support mixed content
                    properly).
                </para>
                <h2>Namespace Support</h2>
                <para>
                    The writer contains extensive support for XML Namespaces, so that
                    a client application does not have to keep track of prefixes and
                    supply <c>xmlns</c> attributes.  By default, the XML writer will
                    generate Namespace declarations in the form _NS1, _NS2, etc., wherever
                    they are needed, as in the following example:
                </para>
                <code>
            w.startDocument();
            w.emptyElement("http://www.foo.com/ns/", "foo");
            w.endDocument();
            </code>
                <para>The resulting document will look like this:</para>
                <code>
            &lt;?xml version="1.0" standalone="yes"?&gt;
            &lt;_NS1:foo xmlns:_NS1="http://www.foo.com/ns/"/&gt;
            </code>
                <para>
                    In many cases, document authors will prefer to choose their
                    own prefixes rather than using the (ugly) default names.  The
                    XML writer allows two methods for selecting prefixes:
                </para>
                <ol>
                    <li>the qualified name</li>
                    <li>the <see cref="!:Prefix"/> property.</li>
                </ol>
                <para>
                    Whenever the XML writer finds a new Namespace URI, it checks
                    to see if a qualified (prefixed) name is also available; if so
                    it attempts to use the name's prefix (as long as the prefix is
                    not already in use for another Namespace URI).
                </para>
                <para>
                    Before writing a document, the client can also pre-map a prefix
                    to a Namespace URI with the setPrefix method:
                </para>
                <code>
            w.setPrefix("http://www.foo.com/ns/", "foo");
            w.startDocument();
            w.emptyElement("http://www.foo.com/ns/", "foo");
            w.endDocument();
            </code>
                <para>The resulting document will look like this:</para>
                <code>
            &lt;?xml version="1.0" standalone="yes"?&gt;
            &lt;foo:foo xmlns:foo="http://www.foo.com/ns/"/&gt;
            </code>
                <para>The default Namespace simply uses an empty string as the prefix:</para>
                <code>
            w.setPrefix("http://www.foo.com/ns/", "");
            w.startDocument();
            w.emptyElement("http://www.foo.com/ns/", "foo");
            w.endDocument();
            </code>
                <para>The resulting document will look like this:</para>
                <code>
            &lt;?xml version="1.0" standalone="yes"?&gt;
            &lt;foo xmlns="http://www.foo.com/ns/"/&gt;
            </code>
                <para>
                    By default, the XML writer will not declare a Namespace until
                    it is actually used.  Sometimes, this approach will create
                    a large number of Namespace declarations, as in the following
                    example:
                </para>
                <code>
            &lt;xml version="1.0" standalone="yes"?&gt;
            &lt;rdf:RDF xmlns:rdf="http://www.w3.org/1999/02/22-rdf-syntax-ns#"&gt;
            &lt;rdf:Description about="http://www.foo.com/ids/books/12345"&gt;
            &lt;dc:title xmlns:dc="http://www.purl.org/dc/"&gt;A Dark Night&lt;/dc:title&gt;
            &lt;dc:creator xmlns:dc="http://www.purl.org/dc/"&gt;Jane Smith&lt;/dc:title&gt;
            &lt;dc:date xmlns:dc="http://www.purl.org/dc/"&gt;2000-09-09&lt;/dc:title&gt;
            &lt;/rdf:Description&gt;
            &lt;/rdf:RDF&gt;
            </code>
                <para>
                    The "rdf" prefix is declared only once, because the RDF Namespace
                    is used by the root element and can be inherited by all of its
                    descendants; the "dc" prefix, on the other hand, is declared three
                    times, because no higher element uses the Namespace.  To solve this
                    problem, you can instruct the XML writer to predeclare Namespaces
                    on the root element even if they are not used there:
                </para>
                <code>
            w.forceNSDecl("http://www.purl.org/dc/");
            </code>
                <para>
                    Now, the "dc" prefix will be declared on the root element even
                    though it's not needed there, and can be inherited by its
                    descendants:
                </para>
                <code>
            &lt;xml version="1.0" standalone="yes"?&gt;
            &lt;rdf:RDF xmlns:rdf="http://www.w3.org/1999/02/22-rdf-syntax-ns#"
            xmlns:dc="http://www.purl.org/dc/"&gt;
            &lt;rdf:Description about="http://www.foo.com/ids/books/12345"&gt;
            &lt;dc:title&gt;A Dark Night&lt;/dc:title&gt;
            &lt;dc:creator&gt;Jane Smith&lt;/dc:title&gt;
            &lt;dc:date&gt;2000-09-09&lt;/dc:title&gt;
            &lt;/rdf:Description&gt;
            &lt;/rdf:RDF&gt;
            </code>
                <para>
                    This approach is also useful for declaring Namespace prefixes
                    that be used by qualified names appearing in attribute values or
                    character data.
                </para>
            </summary>
            @author David Megginson, david@megginson.com
            @version 0.2
            <seealso cref="T:Sax.Net.IXmlFilter"/>
            <seealso cref="T:Sax.Net.IContentHandler"/>
        </member>
        <member name="M:XmlWriter.#ctor">
            <summary>
                Create a new XML writer.
                <para>Write to standard output.</para>
            </summary>
        </member>
        <member name="M:XmlWriter.#ctor(System.IO.TextWriter)">
            <summary>
                Create a new XML writer.
                <para>Write to the writer provided.</para>
            </summary>
            <param name="writer">
                The output destination, or null to use standard
                output.
            </param>
        </member>
        <member name="M:XmlWriter.#ctor(Sax.Net.IXmlReader)">
            <summary>
                Create a new XML writer.
                <para>Use the specified XML reader as the parent.</para>
            </summary>
            <param name="xmlreader">
                The parent in the filter chain, or null
                for no parent.
            </param>
        </member>
        <member name="M:XmlWriter.#ctor(Sax.Net.IXmlReader,System.IO.TextWriter)">
            <summary>
                Create a new XML writer.
                <para>
                    Use the specified XML reader as the parent, and write
                    to the specified writer.
                </para>
            </summary>
            <param name="xmlreader">
                The parent in the filter chain, or null
                for no parent.
            </param>
            <param name="writer">
                The output destination, or null to use standard
                output.
            </param>
        </member>
        <member name="M:XmlWriter.Init(System.IO.TextWriter)">
            <summary>
                Internal initialization method.
                <para>All of the public constructors invoke this method.</para>
            </summary>
            <param name="writer">
                The output destination, or null to use
                standard output.
            </param>
        </member>
        <member name="M:XmlWriter.Reset">
            <summary>
                Reset the writer.
                <para>
                    This method is especially useful if the writer throws an
                    exception before it is finished, and you want to reuse the
                    writer for a new document.  It is usually a good idea to
                    invoke <see cref="M:XmlWriter.Flush"/> before resetting the writer,
                    to make sure that no output is lost.
                </para>
                <para>
                    This method is invoked automatically by the
                    <see cref="M:XmlWriter.StartDocument"/> method before writing
                    a new document.
                </para>
                <para>
                    <strong>Note:</strong> this method will <em>not</em>
                    clear the prefix or URI information in the writer or
                    the selected output writer.
                </para>
            </summary>
            <seealso cref="M:XmlWriter.Flush"/>
        </member>
        <member name="M:XmlWriter.Flush">
            <summary>
                Flush the output.
                <para>
                    This method flushes the output stream.  It is especially useful
                    when you need to make certain that the entire document has
                    been written to output but do not want to close the output
                    stream.
                </para>
                <para>
                    This method is invoked automatically by the
                    <see cref="M:XmlWriter.EndDocument"/> method after writing a
                    document.
                </para>
            </summary>
            <seealso cref="M:XmlWriter.Reset"/>
        </member>
        <member name="M:XmlWriter.SetOutput(System.IO.TextWriter)">
            <summary>
                Set a new output destination for the document.
            </summary>
            <param name="writer">
                The output destination, or null to use
                standard output.
            </param>
            <seealso cref="M:XmlWriter.Flush"/>
        </member>
        <member name="M:XmlWriter.SetPrefix(System.String,System.String)">
            <summary>
                Specify a preferred prefix for a Namespace URI.
                <para>
                    Note that this method does not actually force the Namespace
                    to be declared; to do that, use the <see cref="M:XmlWriter.ForceNSDecl(System.String)"/>
                    method as well.
                </para>
            </summary>
            <param name="uri">
                The Namespace URI.
            </param>
            <param name="prefix">
                The preferred prefix, or "" to select
                the default Namespace.
            </param>
            <seealso cref="M:XmlWriter.GetPrefix(System.String)"/>
            <seealso cref="M:XmlWriter.ForceNSDecl(System.String)"/>
            <seealso cref="M:XmlWriter.ForceNSDecl(System.String,System.String)"/>
        </member>
        <member name="M:XmlWriter.GetPrefix(System.String)">
            <summary>
                Get the current or preferred prefix for a Namespace URI.
            </summary>
            <param name="uri">The Namespace URI.</param>
            <returns>The preferred prefix, or "" for the default Namespace.</returns>
            <seealso cref="M:XmlWriter.SetPrefix(System.String,System.String)"/>
        </member>
        <member name="M:XmlWriter.ForceNSDecl(System.String)">
            <summary>
                Force a Namespace to be declared on the root element.
                <para>
                    By default, the XMLWriter will declare only the Namespaces
                    needed for an element; as a result, a Namespace may be
                    declared many places in a document if it is not used on the
                    root element.
                </para>
                <para>
                    This method forces a Namespace to be declared on the root
                    element even if it is not used there, and reduces the number
                    of xmlns attributes in the document.
                </para>
            </summary>
            <param name="uri">
                The Namespace URI to declare.
            </param>
            <seealso cref="M:XmlWriter.ForceNSDecl(System.String,System.String)"/>
            <seealso cref="M:XmlWriter.SetPrefix(System.String,System.String)"/>
        </member>
        <member name="M:XmlWriter.ForceNSDecl(System.String,System.String)">
            <summary>
                Force a Namespace declaration with a preferred prefix.
                <para>
                    This is a convenience method that invokes <see cref="M:XmlWriter.SetPrefix(System.String,System.String)"/>
                    then <see cref="M:XmlWriter.ForceNSDecl(System.String)"/>.
                </para>
            </summary>
            <param name="uri">
                The Namespace URI to declare on the root element.
            </param>
            <param name="prefix">
                The preferred prefix for the Namespace, or ""
                for the default Namespace.
            </param>
            <seealso cref="M:XmlWriter.SetPrefix(System.String,System.String)"/>
            <seealso cref="M:XmlWriter.ForceNSDecl(System.String)"/>
        </member>
        <member name="M:XmlWriter.StartDocument">
            <summary>
                Write the XML declaration at the beginning of the document.
                Pass the event on down the filter chain for further processing.
            </summary>
            <exception cref="T:Sax.Net.SAXException">
                If there is an error
                writing the XML declaration, or if a handler further down
                the filter chain raises an exception.
            </exception>
            <seealso cref="M:Sax.Net.IContentHandler.StartDocument"/>
        </member>
        <member name="M:XmlWriter.EndDocument">
            <summary>
                Write a newline at the end of the document.
                Pass the event on down the filter chain for further processing.
            </summary>
            <exception cref="T:Sax.Net.SAXException">
                If there is an error
                writing the newline, or if a handler further down
                the filter chain raises an exception.
            </exception>
            <seealso cref="M:Sax.Net.IContentHandler.EndDocument"/>
        </member>
        <member name="M:XmlWriter.StartElement(System.String,System.String,System.String,Sax.Net.IAttributes)">
            <summary>
                Write a start tag.
                Pass the event on down the filter chain for further processing.
            </summary>
            <param name="uri">
                The Namespace URI, or the empty string if none
                is available.
            </param>
            <param name="localName">
                The element's local (unprefixed) name (required).
            </param>
            <param name="qName">
                The element's qualified (prefixed) name, or the
                empty string is none is available.  This method will
                use the qName as a template for generating a prefix
                if necessary, but it is not guaranteed to use the
                same qName.
            </param>
            <param name="atts">
                The element's attribute list (must not be null).
            </param>
            <exception cref="T:Sax.Net.SAXException">
                If there is an error
                writing the start tag, or if a handler further down
                the filter chain raises an exception.
            </exception>
            <seealso cref="M:Sax.Net.IContentHandler.StartElement(System.String,System.String,System.String,Sax.Net.IAttributes)"/>
        </member>
        <member name="M:XmlWriter.EndElement(System.String,System.String,System.String)">
            <summary>
                Write an end tag.
                Pass the event on down the filter chain for further processing.
            </summary>
            <param name="uri">
                The Namespace URI, or the empty string if none
                is available.
            </param>
            <param name="localName">
                The element's local (unprefixed) name (required).
            </param>
            <param name="qName">
                The element's qualified (prefixed) name, or the
                empty string is none is available.  This method will
                use the qName as a template for generating a prefix
                if necessary, but it is not guaranteed to use the
                same qName.
            </param>
            <exception cref="T:Sax.Net.SAXException">
                If there is an error
                writing the end tag, or if a handler further down
                the filter chain raises an exception.
            </exception>
            <seealso cref="M:Sax.Net.IContentHandler.EndElement(System.String,System.String,System.String)"/>
        </member>
        <member name="M:XmlWriter.Characters(System.Char[],System.Int32,System.Int32)">
            <summary>
                Write character data.
                Pass the event on down the filter chain for further processing.
            </summary>
            <param name="ch">
                The array of characters to write.
            </param>
            <param name="start">
                The starting position in the array.
            </param>
            <param name="length">
                The number of characters to write.
            </param>
            <exception cref="T:Sax.Net.SAXException">
                If there is an error
                writing the characters, or if a handler further down
                the filter chain raises an exception.
            </exception>
            <seealso cref="M:Sax.Net.IContentHandler.Characters(System.Char[],System.Int32,System.Int32)"/>
        </member>
        <member name="M:XmlWriter.IgnorableWhitespace(System.Char[],System.Int32,System.Int32)">
            <summary>
                Write ignorable whitespace.
                Pass the event on down the filter chain for further processing.
            </summary>
            <param name="ch">
                The array of characters to write.
            </param>
            <param name="start">
                The starting position in the array.
            </param>
            <param name="length">
                The number of characters to write.
            </param>
            <exception cref="T:Sax.Net.SAXException">
                If there is an error
                writing the whitespace, or if a handler further down
                the filter chain raises an exception.
            </exception>
            <seealso cref="M:Sax.Net.IContentHandler.IgnorableWhitespace(System.Char[],System.Int32,System.Int32)"/>
        </member>
        <member name="M:XmlWriter.ProcessingInstruction(System.String,System.String)">
            <summary>
                Write a processing instruction.
                Pass the event on down the filter chain for further processing.
            </summary>
            <param name="target">
                The PI target.
            </param>
            <param name="data">
                The PI data.
            </param>
            <exception cref="T:Sax.Net.SAXException">
                If there is an error
                writing the PI, or if a handler further down
                the filter chain raises an exception.
            </exception>
            <seealso cref="M:Sax.Net.IContentHandler.ProcessingInstruction(System.String,System.String)"/>
        </member>
        <member name="M:XmlWriter.EmptyElement(System.String,System.String,System.String,Sax.Net.IAttributes)">
            <summary>
                Write an empty element.
                This method writes an empty element tag rather than a start tag
                followed by an end tag.  Both a <see cref="M:XmlWriter.StartElement(System.String,System.String,System.String,Sax.Net.IAttributes)"/>
                and an <see cref="M:XmlWriter.EndElement(System.String,System.String,System.String)"/> event will
                be passed on down the filter chain.
            </summary>
            <param name="uri">
                The element's Namespace URI, or the empty string
                if the element has no Namespace or if Namespace
                processing is not being performed.
            </param>
            <param name="localName">
                The element's local name (without prefix).  This
                parameter must be provided.
            </param>
            <param name="qName">
                The element's qualified name (with prefix), or
                the empty string if none is available.  This parameter
                is strictly advisory: the writer may or may not use
                the prefix attached.
            </param>
            <param name="atts">
                The element's attribute list.
            </param>
            <exception cref="T:Sax.Net.SAXException">
                If there is an error
                writing the empty tag, or if a handler further down
                the filter chain raises an exception.
            </exception>
            <seealso cref="M:XmlWriter.StartElement(System.String,System.String,System.String,Sax.Net.IAttributes)"/>
            <seealso cref="M:XmlWriter.EndElement(System.String,System.String,System.String)"/>
        </member>
        <member name="M:XmlWriter.StartElement(System.String,System.String)">
            <summary>
                Start a new element without a qname or attributes.
                <para>
                    This method will provide a default empty attribute
                    list and an empty string for the qualified name.
                    It invokes <see cref="M:XmlWriter.StartElement(System.String,System.String,System.String,Sax.Net.IAttributes)"/>
                    directly.
                </para>
            </summary>
            <param name="uri">
                The element's Namespace URI.
            </param>
            <param name="localName">
                The element's local name.
            </param>
            <exception cref="T:Sax.Net.SAXException">
                If there is an error
                writing the start tag, or if a handler further down
                the filter chain raises an exception.
            </exception>
            <seealso cref="M:XmlWriter.StartElement(System.String,System.String,System.String,Sax.Net.IAttributes)"/>
        </member>
        <member name="M:XmlWriter.StartElement(System.String)">
            <summary>
                Start a new element without a qname, attributes or a Namespace URI.
                <para>
                    This method will provide an empty string for the
                    Namespace URI, and empty string for the qualified name,
                    and a default empty attribute list. It invokes
                    #startElement(string, string, string, Attributes)}
                    directly.
                </para>
            </summary>
            <param name="localName">
                The element's local name.
            </param>
            <exception cref="T:Sax.Net.SAXException">
                If there is an error
                writing the start tag, or if a handler further down
                the filter chain raises an exception.
            </exception>
            <seealso cref="M:XmlWriter.StartElement(System.String,System.String,System.String,Sax.Net.IAttributes)"/>
        </member>
        <member name="M:XmlWriter.EndElement(System.String,System.String)">
            <summary>
                End an element without a qname.
                <para>
                    This method will supply an empty string for the qName.
                    It invokes <see cref="M:XmlWriter.EndElement(System.String,System.String,System.String)"/>
                    directly.
                </para>
            </summary>
            <param name="uri">
                The element's Namespace URI.
            </param>
            <param name="localName">
                The element's local name.
            </param>
            <exception cref="T:Sax.Net.SAXException">
                If there is an error
                writing the end tag, or if a handler further down
                the filter chain raises an exception.
            </exception>
            <seealso cref="M:XmlWriter.EndElement(System.String,System.String,System.String)"/>
        </member>
        <member name="M:XmlWriter.EndElement(System.String)">
            <summary>
                End an element without a Namespace URI or qname.
                <para>
                    This method will supply an empty string for the qName
                    and an empty string for the Namespace URI.
                    It invokes <see cref="M:XmlWriter.EndElement(System.String,System.String,System.String)"/>
                    directly.
                </para>
            </summary>
            <param name="localName">
                The element's local name.
            </param>
            <exception cref="T:Sax.Net.SAXException">
                If there is an error
                writing the end tag, or if a handler further down
                the filter chain raises an exception.
            </exception>
            <seealso cref="M:XmlWriter.EndElement(System.String,System.String,System.String)"/>
        </member>
        <member name="M:XmlWriter.EmptyElement(System.String,System.String)">
            <summary>
                Add an empty element without a qname or attributes.
                <para>
                    This method will supply an empty string for the qname
                    and an empty attribute list.  It invokes
                    <see cref="M:XmlWriter.EmptyElement(System.String,System.String,System.String,Sax.Net.IAttributes)"/>
                    directly.
                </para>
            </summary>
            <param name="uri">
                The element's Namespace URI.
            </param>
            <param name="localName">
                The element's local name.
            </param>
            <exception cref="T:Sax.Net.SAXException">
                If there is an error
                writing the empty tag, or if a handler further down
                the filter chain raises an exception.
            </exception>
            <seealso cref="M:XmlWriter.EmptyElement(System.String,System.String,System.String,Sax.Net.IAttributes)"/>
        </member>
        <member name="M:XmlWriter.EmptyElement(System.String)">
            <summary>
                Add an empty element without a Namespace URI, qname or attributes.
                <para>
                    This method will supply an empty string for the qname,
                    and empty string for the Namespace URI, and an empty
                    attribute list.  It invokes
                    <see cref="M:XmlWriter.EmptyElement(System.String,System.String,System.String,Sax.Net.IAttributes)"/>
                    directly.
                </para>
            </summary>
            <param name="localName">
                The element's local name.
            </param>
            <exception cref="T:Sax.Net.SAXException">
                If there is an error
                writing the empty tag, or if a handler further down
                the filter chain raises an exception.
            </exception>
            <seealso cref="M:XmlWriter.EmptyElement(System.String,System.String,System.String,Sax.Net.IAttributes)"/>
        </member>
        <member name="M:XmlWriter.DataElement(System.String,System.String,System.String,Sax.Net.IAttributes,System.String)">
            <summary>
                Write an element with character data content.
                <para>
                    This is a convenience method to write a complete element
                    with character data content, including the start tag
                    and end tag.
                </para>
                <para>
                    This method invokes
                    <see cref="M:XmlWriter.StartElement(System.String,System.String,System.String,Sax.Net.IAttributes)"/>,
                    followed by
                    <see cref="M:XmlWriter.Characters(System.String)"/>, followed by
                    <see cref="M:XmlWriter.EndElement(System.String,System.String,System.String)"/>.
                </para>
            </summary>
            <param name="uri">
                The element's Namespace URI.
            </param>
            <param name="localName">
                The element's local name.
            </param>
            <param name="qName">
                The element's default qualified name.
            </param>
            <param name="atts">
                The element's attributes.
            </param>
            <param name="content">
                The character data content.
            </param>
            <exception cref="T:Sax.Net.SAXException">
                If there is an error
                writing the empty tag, or if a handler further down
                the filter chain raises an exception.
            </exception>
            <seealso cref="M:XmlWriter.StartElement(System.String,System.String,System.String,Sax.Net.IAttributes)"/>
            <seealso cref="M:XmlWriter.Characters(System.String)"/>
            <seealso cref="M:XmlWriter.EndElement(System.String,System.String,System.String)"/>
        </member>
        <member name="M:XmlWriter.DataElement(System.String,System.String,System.String)">
            <summary>
                Write an element with character data content but no attributes.
                <para>
                    This is a convenience method to write a complete element
                    with character data content, including the start tag
                    and end tag.  This method provides an empty string
                    for the qname and an empty attribute list.
                </para>
                <para>
                    This method invokes
                    <see cref="M:XmlWriter.StartElement(System.String,System.String,System.String,Sax.Net.IAttributes)"/>,
                    followed by
                    <see cref="M:XmlWriter.Characters(System.String)"/>, followed by
                    <see cref="M:XmlWriter.EndElement(System.String,System.String,System.String)"/>.
                </para>
            </summary>
            <param name="uri">
                The element's Namespace URI.
            </param>
            <param name="localName">
                The element's local name.
            </param>
            <param name="content">
                The character data content.
            </param>
            <exception cref="T:Sax.Net.SAXException">
                If there is an error
                writing the empty tag, or if a handler further down
                the filter chain raises an exception.
            </exception>
            <seealso cref="M:XmlWriter.StartElement(System.String,System.String,System.String,Sax.Net.IAttributes)"/>
            <seealso cref="M:XmlWriter.Characters(System.String)"/>
            <seealso cref="M:XmlWriter.EndElement(System.String,System.String,System.String)"/>
        </member>
        <member name="M:XmlWriter.DataElement(System.String,System.String)">
            <summary>
                Write an element with character data content but no attributes or Namespace URI.
                <para>
                    This is a convenience method to write a complete element
                    with character data content, including the start tag
                    and end tag.  The method provides an empty string for the
                    Namespace URI, and empty string for the qualified name,
                    and an empty attribute list.
                </para>
                <para>
                    This method invokes
                    <see cref="M:XmlWriter.StartElement(System.String,System.String,System.String,Sax.Net.IAttributes)"/>,
                    followed by
                    <see cref="M:XmlWriter.Characters(System.String)"/>, followed by
                    <see cref="M:XmlWriter.EndElement(System.String,System.String,System.String)"/>.
                </para>
            </summary>
            <param name="localName">
                The element's local name.
            </param>
            <param name="content">
                The character data content.
            </param>
            <exception cref="T:Sax.Net.SAXException">
                If there is an error
                writing the empty tag, or if a handler further down
                the filter chain raises an exception.
            </exception>
            <seealso cref="M:XmlWriter.StartElement(System.String,System.String,System.String,Sax.Net.IAttributes)"/>
            <seealso cref="M:XmlWriter.Characters(System.String)"/>
            <seealso cref="M:XmlWriter.EndElement(System.String,System.String,System.String)"/>
        </member>
        <member name="M:XmlWriter.Characters(System.String)">
            <summary>
                Write a string of character data, with XML escaping.
                <para>
                    This is a convenience method that takes an XML
                    string, converts it to a character array, then invokes
                    <see cref="M:XmlWriter.Characters(System.Char[],System.Int32,System.Int32)"/>.
                </para>
            </summary>
            <param name="data">
                The character data.
            </param>
            <exception cref="T:Sax.Net.SAXException">
                If there is an error
                writing the string, or if a handler further down
                the filter chain raises an exception.
            </exception>
            <seealso cref="M:XmlWriter.Characters(System.Char[],System.Int32,System.Int32)"/>
        </member>
        <member name="M:XmlWriter.ForceNSDecls">
            <summary>
                Force all Namespaces to be declared.
                This method is used on the root element to ensure that
                the predeclared Namespaces all appear.
            </summary>
        </member>
        <member name="M:XmlWriter.DoPrefix(System.String,System.String,System.Boolean)">
            <summary>
                Determine the prefix for an element or attribute name.
                TODO: this method probably needs some cleanup.
            </summary>
            <param name="uri">
                The Namespace URI.
            </param>
            <param name="qName">
                The qualified name (optional); this will be used
                to indicate the preferred prefix if none is currently
                bound.
            </param>
            <param name="isElement">
                true if this is an element name, false
                if it is an attribute name (which cannot use the
                default Namespace).
            </param>
        </member>
        <member name="M:XmlWriter.Write(System.Char)">
            <summary>
                Write a raw character.
            </summary>
            <param name="c">
                The character to write.
            </param>
            <exception cref="T:Sax.Net.SAXException">
                If there is an error writing
                the character, this method will throw an IOException
                wrapped in a SAXException.
            </exception>
        </member>
        <member name="M:XmlWriter.Write(System.String)">
            <summary>
                Write a raw string.
            </summary>
            <param name="s"></param>
            <exception cref="T:Sax.Net.SAXException">
                If there is an error writing the string,
                this method will throw an IOException wrapped in a SAXException
            </exception>
        </member>
        <member name="M:XmlWriter.WriteAttributes(Sax.Net.IAttributes)">
            <summary>
                Write out an attribute list, escaping values.
                The names will have prefixes added to them.
            </summary>
            <param name="atts">
                The attribute list to write.
            </param>
            <exception cref="T:Sax.Net.SAXException">
                If there is an error writing
                the attribute list, this method will throw an
                IOException wrapped in a SAXException.
            </exception>
        </member>
        <member name="M:XmlWriter.WriteEsc(System.Char[],System.Int32,System.Int32,System.Boolean)">
            <summary>
                Write an array of data characters with escaping.
            </summary>
            <param name="ch">
                The array of characters.
            </param>
            <param name="start">
                The starting position.
            </param>
            <param name="length">
                The number of characters to use.
            </param>
            <param name="isAttVal">
                true if this is an attribute value literal.
            </param>
            <exception cref="T:Sax.Net.SAXException">
                If there is an error writing
                the characters, this method will throw an
                IOException wrapped in a SAXException.
            </exception>
        </member>
        <member name="M:XmlWriter.WriteNSDecls">
            <summary>
                Write out the list of Namespace declarations.
            </summary>
            <exception cref="T:Sax.Net.SAXException">
                This method will throw
                an IOException wrapped in a SAXException if
                there is an error writing the Namespace
                declarations.
            </exception>
        </member>
        <member name="M:XmlWriter.WriteName(System.String,System.String,System.String,System.Boolean)">
            <summary>
                Write an element or attribute name.
            </summary>
            <param name="uri">
                The Namespace URI.
            </param>
            <param name="localName">
                The local name.
            </param>
            <param name="qName">
                The prefixed name, if available, or the empty string.
            </param>
            <param name="isElement">
                true if this is an element name, false if it
                is an attribute name.
            </param>
            <exception cref="T:Sax.Net.SAXException">
                This method will throw an
                IOException wrapped in a SAXException if there is
                an error writing the name.
            </exception>
        </member>
    </members>
</doc>
